participant_id	age	sex	hand	weight	height	group	species	bci_experience
sub-1	44.6	n/a	R	n/a	n/a	healthy	human	n/a
sub-10	44.6	n/a	R	n/a	n/a	healthy	human	n/a
sub-11	44.6	n/a	R	n/a	n/a	healthy	human	n/a
sub-12	44.6	n/a	R	n/a	n/a	healthy	human	n/a
sub-13	44.6	n/a	R	n/a	n/a	healthy	human	n/a
sub-14	44.6	n/a	R	n/a	n/a	healthy	human	n/a
sub-15	44.6	n/a	R	n/a	n/a	healthy	human	n/a
sub-16	44.6	n/a	R	n/a	n/a	healthy	human	n/a
sub-17	44.6	n/a	R	n/a	n/a	healthy	human	n/a
sub-18	44.6	n/a	R	n/a	n/a	healthy	human	n/a
sub-19	44.6	n/a	R	n/a	n/a	healthy	human	n/a
sub-2	44.6	n/a	R	n/a	n/a	healthy	human	n/a
sub-20	44.6	n/a	R	n/a	n/a	healthy	human	n/a
sub-21	44.6	n/a	R	n/a	n/a	healthy	human	n/a
sub-22	44.6	n/a	R	n/a	n/a	healthy	human	n/a
sub-23	44.6	n/a	R	n/a	n/a	healthy	human	n/a
sub-24	44.6	n/a	R	n/a	n/a	healthy	human	n/a
sub-25	44.6	n/a	R	n/a	n/a	healthy	human	n/a
sub-26	44.6	n/a	R	n/a	n/a	healthy	human	n/a
sub-27	44.6	n/a	R	n/a	n/a	healthy	human	n/a
sub-29	44.6	n/a	R	n/a	n/a	healthy	human	n/a
sub-3	44.6	n/a	R	n/a	n/a	healthy	human	n/a
sub-30	44.6	n/a	R	n/a	n/a	healthy	human	n/a
sub-31	44.6	n/a	R	n/a	n/a	healthy	human	n/a
sub-32	44.6	n/a	R	n/a	n/a	healthy	human	n/a
sub-33	44.6	n/a	R	n/a	n/a	healthy	human	n/a
sub-34	44.6	n/a	R	n/a	n/a	healthy	human	n/a
sub-35	44.6	n/a	R	n/a	n/a	healthy	human	n/a
sub-36	44.6	n/a	R	n/a	n/a	healthy	human	n/a
sub-37	44.6	n/a	R	n/a	n/a	healthy	human	n/a
sub-38	44.6	n/a	R	n/a	n/a	healthy	human	n/a
sub-39	44.6	n/a	R	n/a	n/a	healthy	human	n/a
sub-4	44.6	n/a	R	n/a	n/a	healthy	human	n/a
sub-40	44.6	n/a	R	n/a	n/a	healthy	human	n/a
sub-5	44.6	n/a	R	n/a	n/a	healthy	human	n/a
sub-6	44.6	n/a	R	n/a	n/a	healthy	human	n/a
sub-7	44.6	n/a	R	n/a	n/a	healthy	human	n/a
sub-8	44.6	n/a	R	n/a	n/a	healthy	human	n/a
sub-9	44.6	n/a	R	n/a	n/a	healthy	human	n/a
