name	x	y	z	impedance	material
Fp1	-0.03090258833242555	0.11458517879242798	0.02786657432908913	n/a	active electrodes
Fz	-0.001229271161566281	0.09327445200029715	0.1026392934768164	n/a	active electrodes
F3	-0.05180903841183724	0.08668789888287941	0.07871409302883386	n/a	active electrodes
F7	-0.07187662505917264	0.07310352742670875	0.025790455878913307	n/a	active electrodes
FT9	-0.08579654162522977	0.043081704721957007	-0.011575675838444974	n/a	active electrodes
FC5	-0.07890597635539306	0.05136738419239063	0.062962347939219	n/a	active electrodes
FC1	-0.03571586037883836	0.06171405984105545	0.11798301537735345	n/a	active electrodes
C3	-0.0671487229331174	0.023358230537446293	0.1045106810602483	n/a	active electrodes
T7	-0.08598207795805729	0.014871638175652204	0.031173373739044698	n/a	active electrodes
TP9	-0.08755583336151591	-0.017629022106438536	-0.0034024089114879225	n/a	active electrodes
CP5	-0.08151351110863697	-0.01334569381422213	0.07313262712367305	n/a	active electrodes
CP1	-0.03742512541749303	-0.0108242377168398	0.13344371157184132	n/a	active electrodes
Pz	-0.001709445046746896	-0.045212993324122014	0.12667292418209622	n/a	active electrodes
P3	-0.0550382318026169	-0.044210304662340896	0.09990897692200876	n/a	active electrodes
P7	-0.07445796452347851	-0.04212316495850575	0.04127363138738122	n/a	active electrodes
O1	-0.03157355787465608	-0.08056835212663661	0.05478964562404762	n/a	active electrodes
Oz	-0.0020602461029908406	-0.0827829905012281	0.06073663060773575	n/a	active electrodes
O2	0.027683100559624117	-0.08048883980936473	0.0547340814777941	n/a	active electrodes
P4	0.05363601546337514	-0.04433452185507687	0.10051602773215099	n/a	active electrodes
P8	0.07103247088902218	-0.042259976012095204	0.0411988627819509	n/a	active electrodes
TP10	0.08422219947294665	-0.018769079573898475	-0.003534771527957052	n/a	active electrodes
CP6	0.08140110772413488	-0.013462042634867968	0.07336367003861291	n/a	active electrodes
CP2	0.036471959575241124	-0.010903791502932452	0.1328122726312171	n/a	active electrodes
Cz	-0.0013741334028190722	0.027617093595102737	0.14019949417439556	n/a	active electrodes
C4	0.06532888071838541	0.023573104961569495	0.10369243420047652	n/a	active electrodes
T8	0.08326136985759491	0.015258189278681375	0.030972968524059938	n/a	active electrodes
FT10	0.08239065410825243	0.042274914953263736	-0.011673128497880748	n/a	active electrodes
FC6	0.0778466192866476	0.05209881120036266	0.06286710628925257	n/a	active electrodes
FC2	0.033130982370817734	0.06182848606183057	0.11678169813445419	n/a	active electrodes
F4	0.050274277731628736	0.08743838910239796	0.07727065434234194	n/a	active electrodes
F8	0.07143526925150917	0.07450512647808137	0.025101027393177114	n/a	active electrodes
Fp2	0.028409495337624727	0.11534630990164213	0.027721257722525875	n/a	active electrodes
AF7	-0.05636065835605159	0.09915151733797462	0.025141289515095547	n/a	active electrodes
AF3	-0.035186007467538326	0.10912956509481905	0.05643921471178484	n/a	active electrodes
AFz	-0.0012373820739330513	0.11373993357805418	0.07038366398270277	n/a	active electrodes
F1	-0.029043947159812532	0.0914484772511269	0.09661865029442043	n/a	active electrodes
F5	-0.06605408347001591	0.08023977920903824	0.053771079274628375	n/a	active electrodes
FT7	-0.08248931089002047	0.04484873806704516	0.027680584654190814	n/a	active electrodes
FC3	-0.06185233708120759	0.057133285360774055	0.09376582882952159	n/a	active electrodes
C1	-0.03793782383476591	0.0263374518138683	0.1297706088883019	n/a	active electrodes
C5	-0.08208529873125733	0.01929362757100219	0.06948966772818678	n/a	active electrodes
TP7	-0.086757277911408	-0.014950977153944691	0.03515865615909791	n/a	active electrodes
CP3	-0.06547223352095873	-0.011896603418787375	0.10777792004226631	n/a	active electrodes
P1	-0.03065361671214898	-0.0449273871112134	0.119472045379713	n/a	active electrodes
P5	-0.06929984033251055	-0.04322697385521733	0.07225380245654417	n/a	active electrodes
PO7	-0.05694862114459298	-0.06592324642051975	0.047907438021991204	n/a	active electrodes
PO3	-0.03862460152585547	-0.0673615830694722	0.08241555265208235	n/a	active electrodes
POz	-0.00189982442989459	-0.06805409916590743	0.09590999936124336	n/a	active electrodes
PO4	0.034667793322282536	-0.06766213598039732	0.08164652939132529	n/a	active electrodes
PO8	0.053557322892856016	-0.06641693688532627	0.047850975850466874	n/a	active electrodes
P6	0.06586061936218297	-0.043338515400606556	0.07194130862688103	n/a	active electrodes
P2	0.02988639367294514	-0.04503254211011841	0.12074781507025116	n/a	active electrodes
CPz	-0.0015249049095034388	-0.010518376385192287	0.1415491439762969	n/a	active electrodes
CP4	0.06469625505180063	-0.011991175153616248	0.1077128709239866	n/a	active electrodes
TP8	0.08362232277947577	-0.01508566987716373	0.035057696834785955	n/a	active electrodes
C6	0.08165316938062157	0.01969565941729637	0.06948180710556634	n/a	active electrodes
C2	0.03589271692022557	0.026358138278001507	0.12841234097161083	n/a	active electrodes
FC4	0.06062548180278077	0.05770742045738668	0.09379461804488001	n/a	active electrodes
FT8	0.08010432710058435	0.04555358224385677	0.027412390613797664	n/a	active electrodes
F6	0.06633134168869542	0.0815289669916695	0.05311627938005649	n/a	active electrodes
AF8	0.05422546199477661	0.09983162030235374	0.02491507170177448	n/a	active electrodes
AF4	0.0342298581732583	0.10981127208682755	0.05711667432352483	n/a	active electrodes
F2	0.02796791320013783	0.09186996574934479	0.09577991837531276	n/a	active electrodes
F9	-0.07172633103423856	0.07010037123901214	-0.012633170672809418	n/a	active electrodes
AFF1h	-0.012936863241866443	0.10462815316985687	0.08585781920406375	n/a	active electrodes
FFC1h	-0.01701565719066819	0.07913770074417209	0.11468231231471467	n/a	active electrodes
FFC5h	-0.06686352157600474	0.0697426424638685	0.07362050152396066	n/a	active electrodes
FTT7h	-0.08411253634199092	0.03269809616309619	0.04811574231584685	n/a	active electrodes
FCC3h	-0.05277278216742508	0.04265326737284035	0.11344851959803585	n/a	active electrodes
CCP1h	-0.020197459640656806	0.008445161210644134	0.13926342252024324	n/a	active electrodes
CCP5h	-0.07826499769956631	0.0044703212272099516	0.09041886017275193	n/a	active electrodes
TPP7h	-0.07865590462448552	-0.028637221173685407	0.05590129717076529	n/a	active electrodes
P9	-0.07504185370163166	-0.04461433356810092	0.002842148832062047	n/a	active electrodes
PPO9h	-0.06667480090678268	-0.057267121757779385	0.025577413095959598	n/a	active electrodes
PO9	-0.05702818642024107	-0.0686054001769245	0.009741093694958226	n/a	active electrodes
O9	n/a	n/a	n/a	n/a	active electrodes
OI1h	-0.01703350423845861	-0.0870416068678236	0.039369519179744385	n/a	active electrodes
PPO1h	-0.014125741094625301	-0.05761106526507678	0.11024412354707852	n/a	active electrodes
CPP3h	-0.04889118869069888	-0.02906163968411263	0.11843565567869693	n/a	active electrodes
CPP4h	0.04869710416830808	-0.02915332575643705	0.11925644720960885	n/a	active electrodes
PPO2h	0.011844078426055813	-0.05770830752163668	0.11169671363776154	n/a	active electrodes
OI2h	0.012911193831551562	-0.08717982446003714	0.03935827764239151	n/a	active electrodes
O10	n/a	n/a	n/a	n/a	active electrodes
PO10	0.05286893942663136	-0.06904689883797926	0.009667772074864633	n/a	active electrodes
PPO10h	0.06293485852410655	-0.05787486870911053	0.02564775311237817	n/a	active electrodes
P10	0.07185895479024813	-0.04577311942074738	0.002655786411089378	n/a	active electrodes
TPP8h	0.07654453787105399	-0.028789353442635755	0.055900553055373545	n/a	active electrodes
CCP6h	0.0771497474434083	0.004683902902959922	0.09078695571233439	n/a	active electrodes
CCP2h	0.018376904262614128	0.008478733546305059	0.13920563496068988	n/a	active electrodes
FCC4h	0.05016459598447813	0.04285740128088303	0.11254471211113456	n/a	active electrodes
FTT8h	0.08213337352721214	0.03321985524766851	0.04797438121058289	n/a	active electrodes
FFC6h	0.06550634253675595	0.07059311312822861	0.07269611494300514	n/a	active electrodes
FFC2h	0.016001555066588537	0.07941961171380385	0.11476581186543416	n/a	active electrodes
AFF2h	0.01197972666531822	0.10503052925315008	0.08665828441255946	n/a	active electrodes
F10	0.07049014130440918	0.06997984758042174	-0.013155918880654913	n/a	active electrodes
AFp1	-0.013695330380528444	0.11799656085649038	0.0488816448923016	n/a	active electrodes
AFF5h	-0.05233007264279731	0.0965205462614759	0.05902282063561666	n/a	active electrodes
FFT9h	-0.08073569877497772	0.057641972946127204	0.0068043054691173735	n/a	active electrodes
FFT7h	-0.07615000041328568	0.06288367696917573	0.04266310004852863	n/a	active electrodes
FFC3h	-0.046014997827752195	0.07544212770265342	0.09888008108819071	n/a	active electrodes
FCC1h	-0.019930613438240936	0.04547815032167761	0.1314628273525747	n/a	active electrodes
FCC5h	-0.07642981406940344	0.03822198801247455	0.08458791622299652	n/a	active electrodes
FTT9h	-0.08589977250965744	0.027862794881739473	0.009955676919920664	n/a	active electrodes
TTP7h	-0.08743382018022904	0.0014509413497818952	0.052466791823354716	n/a	active electrodes
CCP3h	-0.05477693503190547	0.006970692308078133	0.12140925437600442	n/a	active electrodes
CPP1h	-0.01779740805465563	-0.029181355163160148	0.13432965497085075	n/a	active electrodes
CPP5h	-0.07009162560715491	-0.02886089565432783	0.09033949023032198	n/a	active electrodes
TPP9h	-0.08014304485678916	-0.030635472277889392	0.019251944746027063	n/a	active electrodes
POO9h	-0.04501137294050286	-0.07739675819175022	0.03258714149624654	n/a	active electrodes
PPO5h	-0.05608445004697627	-0.056353531952139796	0.08196000903854996	n/a	active electrodes
POO1	-0.015808499174526685	-0.07608652446045758	0.07858785835513243	n/a	active electrodes
POO2	0.011506508614235765	-0.07613267883538369	0.07666186266432073	n/a	active electrodes
PPO6h	0.0525347221944403	-0.05649858595332652	0.08164877745196464	n/a	active electrodes
POO10h	0.04174133140681379	-0.07875878020393112	0.032627804420396575	n/a	active electrodes
TPP10h	0.076918161242073	-0.03139143851572193	0.019282066815514136	n/a	active electrodes
CPP6h	0.06911975477714238	-0.02900200922894142	0.09039544366284233	n/a	active electrodes
CPP2h	0.017442637441649308	-0.02923155908591803	0.13556836528856886	n/a	active electrodes
CCP4h	0.053266262250588385	0.007114714861255218	0.12154949436120785	n/a	active electrodes
TTP8h	0.08413298638564308	0.001653064309595692	0.052515760718737224	n/a	active electrodes
FTT10h	0.08234733239540139	0.027311412847946217	0.01010915209892864	n/a	active electrodes
FCC6h	0.07526690315652133	0.03871549803826684	0.0845722961002357	n/a	active electrodes
FCC2h	0.017075503652114115	0.04544529397902713	0.13048864783787198	n/a	active electrodes
FFC4h	0.04425027788873588	0.07592116379472637	0.09778996843412346	n/a	active electrodes
FFT8h	0.07640793451999228	0.0639990954872121	0.042205380448718806	n/a	active electrodes
FFT10h	0.07842881426833345	0.05750262634937305	0.006694862018555077	n/a	active electrodes
AFF6h	0.05086988649341708	0.09716850322283457	0.05873782113961937	n/a	active electrodes
AFp2	0.012170733836392566	0.11853052089531439	0.04996191617104733	n/a	active electrodes
