onset	duration	trial_type	value	sample
1.001	2.0	reach_1	1	1001
6.086	2.0	reach_1	1	6086
10.726	2.0	reach_1	1	10726
15.148	2.0	reach_1	1	15148
19.427	2.0	reach_1	1	19427
23.754	2.0	reach_2	2	23754
27.678	2.0	reach_3	3	27678
31.113	2.0	reach_2	2	31113
34.664	2.0	reach_2	2	34664
38.409	2.0	reach_2	2	38409
42.425	2.0	reach_3	3	42425
46.361	2.0	reach_1	1	46361
50.695	2.0	reach_3	3	50695
54.273	2.0	reach_3	3	54273
57.784	2.0	reach_3	3	57784
61.381	2.0	reach_1	1	61381
65.703	2.0	reach_2	2	65703
69.181	2.0	reach_1	1	69181
73.437	2.0	reach_3	3	73437
76.597	2.0	reach_3	3	76597
80.219	2.0	reach_1	1	80219
84.014	2.0	reach_2	2	84014
87.547	2.0	reach_3	3	87547
90.81	2.0	reach_3	3	90810
94.386	2.0	reach_2	2	94386
97.99	2.0	reach_3	3	97990
104.926	2.0	reach_2	2	104926
111.879	2.0	reach_2	2	111879
121.728	2.0	reach_1	1	121728
158.409	2.0	reach_2	2	158409
